model,T2I.recall@1,T2I.recall@5,T2I.recall@10,I2Trecall@1,I2Trecall@5,I2Trecall@10
clip-baseline,48.6531190926276,76.55954631379961,84.9007561436673,54.80184779965962,79.77145635788962,88.18380743982495
