model,T2I.recall@1,T2I.recall@5,T2I.recall@10,I2Trecall@1,I2Trecall@5,I2Trecall@10
clip-baseline,55.05747126436782,82.93103448275862,90.28735632183908,62.9695885509839,86.76207513416816,93.14251639833036
