category,changed_from_baseline,frequency
deer,0.09799999999999998,20
truck,0.07099999999999995,80
frog,0.019000000000000017,2
ship,0.008000000000000007,9
bird,-0.0040000000000000036,37
airplane,-0.0050000000000000044,3
dog,-0.0050000000000000044,179
horse,-0.018000000000000016,0
cat,-0.02200000000000002,65
automobile,-0.052999999999999936,3
