category,changed_from_baseline,frequency
deer,0.10499999999999998,20
truck,0.08399999999999996,80
frog,0.02300000000000002,2
ship,0.015000000000000013,9
dog,0.013000000000000012,179
bird,-0.01200000000000001,37
cat,-0.015000000000000013,65
horse,-0.038000000000000034,0
airplane,-0.06400000000000006,3
automobile,-0.10299999999999998,3
