category,changed_from_baseline,frequency
deer,0.09899999999999998,20
truck,0.08399999999999996,80
dog,0.02400000000000002,179
frog,0.014000000000000012,2
ship,0.01200000000000001,9
bird,-0.02400000000000002,37
cat,-0.025000000000000022,65
horse,-0.027000000000000024,0
airplane,-0.050000000000000044,3
automobile,-0.126,3
