model,T2I.recall@1,T2I.recall@5,T2I.recall@10,I2Trecall@1,I2Trecall@5,I2Trecall@10
clip-baseline,48.162859980139025,76.94141012909633,85.68023833167825,54.65093018603721,80.25605121024205,87.79755951190238
